{
  "sh_uac_mid_none_dp_uac": 0.873,
  "sh_adaiat_mid_adaiat_dp_none": 0.891,
  "sh_adaiat_mid_none_dp_uac": 0.8896666666666667,
  "sh_adaiat_mid_none_dp_adaiat": 0.8903333333333333,
  "sh_none_mid_adaiat_dp_none": 0.8896666666666667
}